{
    "scaler": {
        "min_": [
            18.0,
            45.0,
            150.0,
            0.0,
            0.0,
            0.0,
            0.0,
            0.0,
            0.0,
            0.0,
            0.0,
            0.0,
            0.0,
            0.0,
            0.0,
            0.0,
            0.0,
            0.0
        ],
        "scale_": [
            0.02173913,
            0.00952381,
            0.01818182,
            1.0,
            1.0,
            1.0,
            1.0,
            1.0,
            1.0,
            1.0,
            1.0,
            1.0,
            1.0,
            1.0,
            1.0,
            1.0,
            1.0,
            1.0
        ]
    },
    "encoder": {
        "classes_": [
            "Endomorph",
            "Ectomorph",
            "Mesomorph"
        ]
    }
}